raw,rawFiltered,average,std,stdstd
341,341,341.0,0.0,0.0
78,78,209.5,131.5,65.75
-1208,-1208,-263.0,676.7870172119635,293.00565937018024
-1532,-1532,-580.25,803.4134598698232,343.29706422071683
-1724,-1724,-809.0,851.8713517896937,355.71158906193443
-1492,-1492,-922.8333333333334,818.2465839966717,346.64175244178796
