raw,rawFiltered,average,std,stdstd
1174,1174,1174.0,0.0,0.0
169,169,671.5,502.5,251.25
599,599,647.3333333333334,411.7105239795985,218.6459681544103
-1023,-1023,229.75,806.384949946364,288.16501211629105
-245,-245,134.8,745.8333325884544,287.01276680131474
