raw,rawFiltered,average,std,stdstd
668,668,668.0,0.0,0.0
5667,5667,3167.5,2499.5,1249.75
2,2,2112.333333333333,2528.1917560888364,1185.0961996780877
-588,-588,1437.2499999999998,2482.1417541107517,1084.0758339856104
-329,-329,1083.9999999999998,2329.7992188169346,986.3641766273676
63,63,913.8333333333331,2160.575649887985,903.2810110083359
