raw,rawFiltered,average,std,stdstd
109,109,109.0,0.0,0.0
-84,-84,12.5,96.5,48.25
-507,-507,-160.66666666666666,257.2577609238554,106.11150490184423
-1125,-1125,-401.75,473.2860525094734,179.22968903126085
