raw,rawFiltered,average,std,stdstd
-403,-403,-403.0,0.0,0.0
-236,-236,-319.5,83.5,41.75
249,249,-130.0,276.5296849646827,115.80701185076609
515,515,31.25,367.9078519140357,146.9045946927825
