raw,rawFiltered,average,std,stdstd
360,360,360.0,0.0,0.0
1643,1643,1001.5,641.5,320.75
1014,1014,1005.6666666666666,523.815701262275,278.83781288656735
1110,1110,1031.75,455.88176921215,243.240116356616
627,627,950.8,438.7187709683733,217.97087054784356
