raw,rawFiltered,average,std,stdstd
743,743,743.0,0.0,0.0
427,427,585.0,158.0,79.0
1021,1021,730.3333333333334,242.66483515792356,100.5641622351624
963,963,788.5,233.0552509599387,97.16569010576023
259,259,682.6,297.17173486050115,103.11556211294156
