raw,rawFiltered,average,std,stdstd
-517,-517,-517.0,0.0,0.0
-413,-413,-465.0,52.0,26.0
-1210,-1210,-713.3333333333334,353.75352373588527,155.95609946483836
-2099,-2099,-1059.75,673.6985138027246,269.44900617695333
-1540,-1540,-1155.8,632.4540773842793,281.27882742697835
