raw,rawFiltered,average,std,stdstd
-395,-395,-395.0,0.0,0.0
215,215,-90.0,305.0,152.5
-1529,-1529,-569.6666666666667,722.6180795474804,296.19939778875954
-139,-139,-462.00000000000006,653.0,289.6081864189199
-805,-805,-530.6,599.9591986127057,268.8328047529855
