raw,rawFiltered,average,std,stdstd
1382,1382,1382.0,0.0,0.0,2
786,786,1084.0,298.0,149.0,1
610,610,926.0,330.3493100744524,148.69100866822214,2
1188,1188,991.5,307.76411421736617,135.62478652686252,3
832,832,959.6,282.569354318546,122.8505707682068,4
27,27,804.1666666666667,432.82267988429425,132.44870012109934,5
-85,-85,677.1428571428572,507.329824690416,147.07733488732077,6
114,114,606.7500000000001,509.80063505256646,152.85301738753387,7
